{"cameraMode":{"drawMode":0,"name":"Shaded","section":"Shading Mode"},"sceneLighting":true,"audioPlay":false,"sceneViewState":{"showFog":true,"showMaterialUpdate":true,"showSkybox":true,"showFlares":true,"showImageEffects":true,"showParticleSystems":true},"in2DMode":false,"pivot":{"x":-0.13491442799568177,"y":1.2646541595458985,"z":0.3039231300354004},"rotation":{"x":0.22903820872306825,"y":-0.04202521592378616,"z":0.00989814754575491,"w":0.9724594950675964},"size":1.083669662475586,"orthographic":false}