{"cameraMode":{"drawMode":0,"name":"Shaded","section":"Shading Mode"},"sceneLighting":true,"audioPlay":false,"sceneViewState":{"showFog":true,"showMaterialUpdate":true,"showSkybox":true,"showFlares":true,"showImageEffects":true,"showParticleSystems":true},"in2DMode":false,"pivot":{"x":-0.021124038845300676,"y":0.52520352602005,"z":0.06787282228469849},"rotation":{"x":0.010808811523020268,"y":0.004811139777302742,"z":-0.00005184143446967937,"w":0.9999300241470337},"size":0.11633044481277466,"orthographic":false}