{"cameraMode":{"drawMode":0,"name":"Shaded","section":"Shading Mode"},"sceneLighting":false,"audioPlay":false,"sceneViewState":{"showFog":true,"showMaterialUpdate":true,"showSkybox":false,"showFlares":true,"showImageEffects":true,"showParticleSystems":true},"in2DMode":false,"pivot":{"x":0.6499999761581421,"y":0.5148000717163086,"z":0.75},"rotation":{"x":0.22903820872306825,"y":-0.04202521592378616,"z":0.00989814754575491,"w":0.9724594950675964},"size":6.529348373413086,"orthographic":false}